MSC Cezar;Ranking R17 File;OFB;#28
7;"Edycja 5.";"Grudzieñ 2017";2017-12-31;2000
---
r1_pid;r1_score;r1_loc
12197;861.4585;1
6658;735.5770;2
4662;719.2190;3
8513;687.5150;4
8979;663.0195;5
3844;620.5240;6
8158;507.1450;7
1318;499.4305;8
1115;486.5195;9
5341;476.0845;10
1661;464.0930;11
6706;460.2250;12
6973;433.4370;13
11319;433.3170;14
2806;401.7090;15
5176;391.5785;16
6815;388.6320;17
4740;383.6265;18
8203;373.6215;19
6341;361.2655;20
10085;356.0080;21
5056;353.4595;22
4250;350.9655;23
14728;349.8090;24
4108;347.6730;25
2121;337.4220;26
5611;330.3015;27
5363;322.2235;28
4451;317.5840;29
12450;299.6240;30
7291;293.8615;31
6540;281.9725;32
9146;276.5485;33
7242;275.4530;34
1539;274.4565;35
4922;270.8820;36
6887;261.6640;37
7431;254.0100;38
7811;250.3160;39
1347;248.0485;40
6795;245.3310;41
7869;241.5715;42
9138;229.1345;43
6909;223.9065;44
5574;221.4500;45
1726;220.2885;46
5856;218.9170;47
15595;218.8035;48
6551;218.2840;49
5111;217.7080;50
9550;216.8715;51
4535;216.7800;52
4842;213.7965;53
4665;212.4670;54
5374;211.1415;55
7849;207.0350;56
6554;193.2425;57
4163;191.3475;58
11550;190.9415;59
10095;190.8115;60
2013;190.7020;61
10370;182.6655;62
4588;182.5095;63
1223;181.8400;64
5084;181.8035;65
4022;180.5955;66
1865;180.0490;67
13438;179.2705;68
2966;177.6255;69
3960;174.7690;70
10054;172.6670;71
4699;169.2790;72
7603;169.2510;73
9549;166.0985;74
9755;165.1550;75
7796;163.5060;76
7809;160.6720;77
1138;158.7165;78
8294;156.4470;79
8195;153.2945;80
6873;152.3565;81
14234;151.8570;82
17134;150.8940;83
9357;149.9515;84
2904;149.6560;85
8485;148.1700;86
12154;147.6340;87
5624;146.9700;88
4762;145.7195;89
7725;143.7270;90
5520;141.3410;91
8117;140.9525;92
1502;140.9305;93
5701;140.1230;94
5718;139.6590;95
5670;138.5960;96
7341;136.2065;97
8769;135.6020;98
7827;135.5865;99
6954;135.4460;100
2934;135.2980;101
2666;134.8985;102
15922;134.3690;103
8312;134.2085;104
5310;132.3875;105
4531;131.6340;106
5069;131.2590;107
1206;130.2770;108
14885;127.4300;109
4735;126.5805;110
8549;125.8205;111
2501;124.4500;112
13709;124.4260;113
4527;123.9625;114
6346;122.9890;115
5534;120.3850;116
2827;118.4710;117
6620;117.3690;118
14619;116.8915;119
10793;116.4430;120
6526;116.1795;121
5059;115.8610;122
5708;115.7625;123
3497;115.6590;124
6648;115.5870;125
5732;115.4325;126
12999;114.4770;127
15621;114.4195;128
7025;114.3950;129
3345;114.1695;130
5282;113.8110;131
2673;113.4730;132
6845;113.3920;133
3266;113.3035;134
7782;113.2870;135
12123;112.7080;136
3978;112.6555;137
11903;112.2570;138
10117;111.7085;139
1054;109.5515;140
7544;109.3315;141
12362;108.2260;142
6621;107.7570;143
1128;106.9125;144
7818;105.7855;145
5400;105.2585;146
4198;105.1420;147
3633;105.0465;148
4802;105.0275;149
6994;103.2790;150
6543;102.8645;151
9643;102.3685;152
5423;102.1620;153
6542;101.2505;154
2727;101.0190;155
8950;100.8715;156
12899;100.8410;157
7044;100.5665;158
4212;100.1120;159
11471;100.0105;160
6751;99.8745;161
5739;98.4375;162
5446;98.1195;163
4109;97.4315;164
11600;96.6265;165
9822;95.8155;166
3523;95.3270;167
2831;95.1870;168
13140;95.1355;169
11104;94.5890;170
5691;93.7120;171
5730;92.6580;172
8434;92.5000;173
6800;92.0440;174
8978;91.5535;175
2496;91.5420;176
7860;91.2390;177
4731;90.8265;178
2933;90.6965;179
2977;90.6910;180
5830;90.3440;181
1840;89.3660;182
1831;89.0485;183
18197;88.9645;184
5378;88.8270;185
6131;88.5245;186
5989;88.4950;187
4242;88.0565;188
6923;87.9805;189
5505;87.9420;190
3787;87.8800;191
2671;87.5930;192
5386;87.4440;193
3184;86.4105;194
8308;86.3660;195
5314;86.2985;196
3644;86.2660;197
2460;86.1650;198
4887;86.0425;199
7722;85.7950;200
10533;84.6410;201
11769;84.4970;202
6629;84.4380;203
1617;83.5515;204
13139;82.5270;205
1807;82.4370;206
4563;82.0910;207
2807;81.5500;208
11809;81.3160;209
3546;80.9150;210
2166;79.7415;211
4593;79.7140;212
2158;79.4670;213
5464;79.3575;214
4303;79.0150;215
10450;78.5415;216
15120;78.5210;217
6689;78.3155;218
12152;77.8865;219
2894;77.5830;220
6522;77.5750;221
8283;77.2180;222
12320;76.6785;223
3920;76.6160;224
1171;76.6000;225
2846;76.2180;226
4602;75.4880;227
6812;75.3800;228
10534;75.2750;229
6801;74.9125;230
1220;74.9000;231
6830;74.7700;232
5264;74.7250;233
16645;74.6355;234
5307;74.5840;235
3815;73.8485;236
10721;73.6235;237
7475;73.5380;238
1945;73.4165;239
3401;72.9470;240
7283;72.9195;241
1749;72.8320;242
4547;72.6965;243
4360;72.5665;244
1208;72.1030;245
7794;71.5785;246
19120;71.5000;247
15511;71.3745;248
10570;71.2890;249
4906;71.1580;250
2804;70.7410;251
12474;70.6775;252
2597;70.2365;253
11296;69.5850;254
7090;69.3630;255
2698;69.3085;256
2519;69.2890;257
16875;68.4585;258
2495;68.3880;259
17167;68.2480;260
11428;68.1980;261
1483;67.3220;262
7646;66.2305;263
1705;65.9270;264
13074;65.9110;265
2676;65.8640;266
7854;65.3955;267
1781;65.3750;268
4684;65.0950;269
5615;64.9650;270
7779;64.7020;271
3423;64.5795;272
7926;64.4355;273
10209;64.3805;274
7710;64.3145;275
2703;64.2030;276
5568;63.6805;277
6895;63.4270;278
4696;63.3795;279
3064;63.2105;280
6963;63.1085;281
7246;62.9835;282
4431;62.9595;283
7215;62.5285;284
16317;62.0815;285
2683;61.7640;286
4110;61.6285;287
7190;61.6250;288
16859;61.5990;289
5454;61.4740;290
2515;61.3430;291
14420;60.4260;292
8078;60.4135;293
1288;60.3495;294
2757;59.9800;295
4430;59.8355;296
3454;59.4900;297
3185;59.4070;298
4712;58.9930;299
3847;58.8385;300
2650;58.6580;301
7729;58.4305;302
5226;58.1990;303
17161;57.7810;304
5329;57.3530;305
2174;57.3445;306
1381;57.2610;307
5523;57.1395;308
9424;57.1155;309
12272;57.0605;310
4707;57.0225;311
3389;56.9655;312
4852;56.8030;313
2663;56.7990;314
1019;56.6165;315
1291;56.5545;316
2976;56.5315;317
13412;56.4740;318
4751;55.9380;319
3529;55.6850;320
3775;55.4760;321
6274;55.4210;322
10171;55.3960;323
13828;55.2920;324
3724;54.9995;325
13071;54.8100;326
9568;54.7280;327
12129;54.7120;328
3206;54.6020;329
6876;54.5910;330
1739;54.4360;331
8593;54.3000;332
5170;54.2930;333
3549;54.1310;334
1433;53.9915;335
6915;53.8745;336
6129;53.8450;337
8341;53.7295;338
7370;53.5390;339
4553;53.5145;340
3696;53.0585;341
3542;52.9850;342
6765;52.9225;343
3029;52.7075;344
6580;52.6995;345
4405;52.6285;346
7815;52.5160;347
16829;52.3505;348
7271;52.2640;349
5675;52.1845;350
10444;52.1470;351
16184;52.0365;352
5695;52.0085;353
10105;51.8995;354
3003;51.8620;355
2382;51.6850;356
2823;51.6800;357
14783;51.6100;358
4632;51.5990;359
8911;51.5750;360
6705;51.1180;361
2833;51.0520;362
2809;51.0515;363
2497;51.0460;364
15477;51.0020;365
7526;50.9920;366
5483;50.8835;367
4165;50.8140;368
2093;50.3705;369
2018;50.2795;370
2489;50.2185;371
15519;50.1320;372
2644;49.9845;373
9418;49.5685;374
2110;49.3695;375
2642;49.2865;376
9828;49.0775;377
10794;49.0750;378
3455;48.8240;379
1032;48.8110;380
1730;48.8025;381
1311;48.7435;382
9835;48.7235;383
5944;48.5755;384
5352;48.5010;385
4797;48.3730;386
4682;48.2930;387
9430;48.2740;388
3992;47.9095;389
7052;47.8540;390
6746;47.8265;391
2524;47.4990;392
2631;47.4845;393
3499;47.4515;394
14481;47.4350;395
14782;47.4190;396
4413;47.2610;397
12145;47.2300;398
4347;47.1815;399
9562;47.1720;400
5213;47.1105;401
6225;46.9820;402
6598;46.8625;403
1826;46.8270;404
7221;46.7680;405
2794;46.7325;406
14845;46.6985;407
7642;46.5325;408
6714;46.3880;409
7405;46.0840;410
11834;46.0365;411
2262;45.9090;412
8243;45.7170;413
3525;45.6540;414
8182;45.5625;415
7033;45.4935;416
6904;45.4700;417
12009;45.1485;418
3562;45.0405;419
1283;44.7350;420
6080;44.4845;421
1272;44.1870;422
6147;43.8150;423
1508;43.8050;424
3020;43.7715;425
4043;43.7325;426
1643;43.5930;427
13364;43.5455;428
5202;43.3025;429
10023;43.2970;430
3909;43.2430;431
8793;43.1970;432
4948;43.0780;433
4949;43.0140;434
16183;43.0130;435
15976;42.9400;436
6539;42.8435;437
7801;42.7035;438
6414;42.6330;439
2921;42.5830;440
17361;42.4300;441
7940;42.3925;442
5070;42.3135;443
16259;42.2780;444
4683;41.9295;445
6306;41.8810;446
4365;41.6795;447
6128;41.5660;448
5649;41.5055;449
2774;41.4940;450
6334;41.2885;451
12127;41.2205;452
7099;41.1715;453
7209;41.0195;454
3496;41.0015;455
17298;40.9880;456
1718;40.9625;457
2395;40.8540;458
1397;40.8525;459
13882;40.7825;460
5431;40.6115;461
6758;40.5580;462
6249;40.5200;463
1912;40.4850;464
1627;40.4540;465
5519;40.3560;466
14286;40.3515;467
7563;40.2565;468
3881;40.2115;469
3338;40.2070;470
14540;40.1865;471
7891;40.1515;472
1224;40.0855;473
1727;40.0490;474
10978;39.7450;475
8119;39.6290;476
5118;39.5290;477
2723;39.1470;478
11928;39.1070;479
7109;39.1050;480
14250;39.0490;481
13661;38.9830;482
2468;38.8715;483
2928;38.8620;484
1345;38.8320;485
7591;38.8240;486
5403;38.7675;487
8619;38.6330;488
8350;38.5235;489
3434;38.5155;490
3096;38.4110;491
12846;38.3030;492
2507;38.2870;493
5876;38.2415;494
2131;38.1995;495
4111;38.1525;496
7617;38.0945;497
13060;37.9645;498
4463;37.9380;499
2324;37.8725;500
12108;37.7805;501
5527;37.6595;502
2888;37.6445;503
3068;37.6190;504
1713;37.6040;505
9303;37.5490;506
4474;37.5240;507
3231;37.5090;508
12983;37.4175;509
3232;37.2815;510
10563;37.1885;511
5353;37.1445;512
2784;37.0895;513
3293;36.7995;514
4915;36.7330;515
8210;36.6980;516
2667;36.6460;517
4042;36.6415;518
15802;36.5825;519
6507;36.5620;520
6112;36.5020;521
6707;36.4995;522
12266;36.4885;523
3621;36.4605;524
6382;36.3220;525
3780;36.2310;526
7989;36.1875;527
1030;36.1355;528
16454;36.1240;529
4063;36.0595;530
11934;35.7820;531
3532;35.7430;532
11109;35.6990;533
5221;35.6980;534
6723;35.6490;535
9594;35.6325;536
6356;35.6025;537
17155;35.5740;538
9797;35.5345;539
6877;35.5325;540
8271;35.4775;541
8396;35.4420;542
1234;35.2445;543
17082;35.2075;544
9422;35.1930;545
14167;35.1690;546
11092;35.1105;547
16380;34.9885;548
9387;34.9540;549
1152;34.8520;550
6090;34.8250;551
6165;34.8110;552
2959;34.7785;553
4943;34.7605;554
5548;34.7265;555
5242;34.7155;556
5156;34.7015;557
4772;34.5645;558
13028;34.4470;559
16130;34.3820;560
3939;34.3305;561
5326;34.3215;562
11479;34.3180;563
7777;34.3150;564
12634;34.3040;565
3104;34.2435;566
6703;34.2380;567
1952;34.2180;568
16475;34.2165;569
5017;34.1485;570
4427;34.1275;571
7812;34.0990;572
10252;33.9695;573
1408;33.8560;574
4435;33.8365;575
3971;33.8290;576
1486;33.8170;577
4559;33.7940;578
1189;33.7765;579
6978;33.7075;580
3821;33.7025;581
4601;33.5365;582
3049;33.4960;583
4350;33.4510;584
2820;33.4050;585
3618;33.2470;586
1641;33.2105;587
7042;33.1990;588
6693;33.1780;589
5893;33.1375;590
4509;33.1245;591
4798;33.0730;592
12196;33.0565;593
2891;32.9850;594
15757;32.9600;595
1373;32.9565;596
3063;32.9135;597
9491;32.8700;598
5606;32.8395;599
1297;32.7905;600
4618;32.7795;601
1286;32.7725;602
3763;32.7625;603
16069;32.7055;604
5487;32.6965;605
1385;32.6925;606
18256;32.6400;607
4319;32.5755;608
11656;32.5260;609
14276;32.4335;610
7114;32.3725;611
1269;32.3510;612
11591;32.3135;613
4416;32.1940;614
2919;32.1810;615
4660;32.1375;616
11800;32.1365;617
7691;32.0885;618
5822;32.0750;619
8855;32.0255;620
8903;32.0250;621
4127;31.9620;622
4820;31.9055;623
5877;31.8725;624
16717;31.7775;625
10809;31.7605;626
3933;31.7440;627
5510;31.6995;628
5859;31.6620;629
16208;31.3220;630
4143;31.3155;631
8370;31.3130;632
16456;31.2720;633
5900;31.1470;634
2970;31.0955;635
5404;31.0385;636
10938;30.9380;637
11932;30.8600;638
6664;30.8280;639
8930;30.7955;640
4643;30.7900;641
11652;30.7440;642
1882;30.7380;643
8297;30.7365;644
5291;30.6925;645
17100;30.6910;646
3822;30.6000;647
3707;30.5645;648
12006;30.5490;649
5808;30.4250;650
1577;30.2910;651
4187;30.2195;652
2590;30.1760;653
5023;30.1025;654
4741;30.0725;655
2546;30.0385;656
4353;29.9425;657
4160;29.8485;658
1731;29.5685;659
3650;29.5410;660
6338;29.3695;661
17384;29.3610;662
2646;29.2560;663
6355;29.2525;664
3807;29.2515;665
15916;29.2280;666
2025;29.2105;667
10335;29.2040;668
5155;29.1755;669
8411;29.0545;670
10472;29.0280;671
16140;29.0085;672
2518;28.9090;673
4411;28.8525;674
7909;28.8100;675
13037;28.8000;676
7687;28.7915;677
11245;28.7895;678
4412;28.7820;679
10937;28.7755;680
3103;28.7550;681
3085;28.6890;682
6079;28.6810;683
16070;28.5790;684
14175;28.5770;685
9903;28.5700;686
12927;28.5480;687
18128;28.3455;688
6733;28.1730;689
15715;28.1725;690
1881;28.1505;691
5996;28.1390;692
3393;28.0800;693
2990;28.0770;694
16716;27.9765;695
3823;27.9675;696
1437;27.8215;697
7277;27.7840;698
10251;27.7695;699
1711;27.7310;700
6116;27.6830;701
8450;27.6540;702
8241;27.6195;703
2116;27.6120;704
4222;27.5865;705
15665;27.5860;706
13570;27.4975;707
4603;27.4855;708
1736;27.4485;709
7401;27.4415;710
4630;27.4205;711
14882;27.3235;712
4124;27.2935;713
6797;27.2030;714
6488;27.0980;715
3714;26.8600;716
5438;26.8090;717
6137;26.7880;718
2760;26.7155;719
2223;26.6995;720
3168;26.6975;721
5248;26.6750;722
4261;26.6495;723
4144;26.6425;724
7906;26.5980;725
7543;26.5920;726
7000;26.5855;727
10217;26.5210;728
5656;26.5165;729
6716;26.4910;730
15344;26.4695;731
3512;26.4605;732
5508;26.3950;733
3820;26.3925;734
4284;26.3615;735
3481;26.3390;736
4921;26.3055;737
7164;26.2855;738
7596;26.2800;739
16187;26.2760;740
7939;26.2595;741
1231;26.2520;742
13411;26.1840;743
4191;26.1715;744
4732;26.1635;745
10056;26.1555;746
1250;26.0670;747
6659;26.0400;748
6921;25.9510;749
5696;25.9485;750
4329;25.8555;751
4011;25.8480;752
3347;25.7710;753
4549;25.6490;754
2672;25.6295;755
1264;25.6260;756
6556;25.6250;757
14780;25.6055;758
7053;25.5900;759
4363;25.5785;760
13993;25.5525;761
4279;25.4620;762
4778;25.3595;763
17299;25.3500;764
4294;25.3260;765
15729;25.3140;766
4490;25.2420;767
4781;25.2415;768
2678;25.1880;769
3337;25.1805;770
6067;25.1445;771
6327;25.1395;772
2580;25.0925;773
5038;25.0905;774
5174;25.0680;775
4581;25.0330;776
17766;24.9735;777
2198;24.9240;778
3750;24.9090;779
1613;24.8730;780
4240;24.8275;781
10403;24.8240;782
13003;24.7845;783
12229;24.7335;784
8057;24.7035;785
16898;24.6880;786
8776;24.5495;787
11653;24.4980;788
2219;24.4660;789
17625;24.4285;790
1066;24.4015;791
15601;24.3790;792
13622;24.2930;793
9006;24.2380;794
7572;24.2175;795
5761;24.2150;796
7491;24.1865;797
5315;24.1770;798
8166;24.1540;799
5879;24.1475;800
4829;23.9815;801
12357;23.9810;802
3867;23.9495;803
3430;23.9430;804
4621;23.8970;805
4670;23.8440;806
12018;23.7745;807
1599;23.7265;808
5030;23.6810;809
5920;23.5780;810
1772;23.5510;811
8945;23.5500;812
13174;23.5415;813
2793;23.5405;814
6014;23.4790;815
15746;23.4760;816
2087;23.4640;817
10554;23.4595;818
1631;23.4410;819
1674;23.3995;820
2533;23.3675;821
8075;23.3335;822
3422;23.3320;823
7004;23.2190;824
12303;23.1845;825
6335;23.1605;826
6818;23.1200;827
9229;23.1060;828
1905;23.0645;829
8970;23.0530;830
5371;23.0360;831
7555;23.0200;832
11198;22.9990;833
8328;22.9890;834
12374;22.9805;835
6672;22.9150;836
4396;22.9120;837
5517;22.8280;838
3005;22.8165;839
9037;22.7540;840
3999;22.7340;841
11424;22.6755;842
4035;22.6365;843
12003;22.6265;844
4985;22.5960;845
7542;22.5605;846
5950;22.4535;847
8802;22.4405;848
3153;22.4195;849
3027;22.4180;850
2952;22.4160;851
14369;22.3750;852
2907;22.3220;853
2434;22.3065;854
4197;22.2960;855
4345;22.2890;856
4162;22.2860;857
3211;22.2825;858
2748;22.2300;859
7020;22.2295;860
7054;22.2265;861
2103;22.2190;862
1707;22.0780;863
2040;22.0160;864
3332;21.9475;865
5079;21.9280;866
11110;21.9265;867
15153;21.9085;868
13491;21.9000;869
4399;21.8710;870
4040;21.8625;871
9355;21.8390;872
6077;21.8245;873
8520;21.8075;874
16274;21.8030;875
5672;21.7965;876
2453;21.7100;877
8986;21.7100;877
15413;21.6840;879
14704;21.6355;880
10479;21.5900;881
12783;21.5395;882
6721;21.5080;883
13952;21.5065;884
7686;21.4485;885
16315;21.4300;886
1037;21.4015;887
3925;21.3985;888
2157;21.3730;889
4157;21.3455;890
1097;21.3225;891
11466;21.3205;892
15666;21.3180;893
1195;21.3015;894
3970;21.2545;895
4755;21.2345;896
11610;21.1900;897
9667;21.1665;898
16544;21.1620;899
2733;21.1600;900
2610;21.1255;901
9607;21.1155;902
2199;21.0950;903
11871;21.0630;904
2998;21.0605;905
5357;21.0345;906
1888;20.9710;907
5192;20.9455;908
8144;20.9375;909
1071;20.8395;910
1305;20.8310;911
15032;20.8085;912
13065;20.7335;913
3088;20.7260;914
4848;20.7200;915
12012;20.6995;916
16724;20.6990;917
2398;20.6870;918
7346;20.6840;919
5120;20.6625;920
16729;20.6515;921
6403;20.6405;922
3765;20.5910;923
3624;20.5860;924
6352;20.5300;925
13933;20.4405;926
10219;20.4335;927
17214;20.3940;928
3884;20.3695;929
2660;20.3635;930
5654;20.3635;930
9245;20.3565;932
9595;20.3430;933
2000;20.3400;934
16770;20.3220;935
8931;20.2630;936
2185;20.2450;937
2862;20.2400;938
1457;20.2055;939
17083;20.1890;940
10687;20.1665;941
2424;20.1610;942
14226;20.1375;943
9952;20.1330;944
5988;20.1180;945
4721;20.0965;946
1620;20.0380;947
15988;19.9850;948
7080;19.9735;949
1456;19.9635;950
15352;19.9370;951
5491;19.9000;952
14835;19.8970;953
3233;19.8605;954
4052;19.8255;955
2669;19.8225;956
9259;19.8090;957
4342;19.8030;958
13019;19.7530;959
10501;19.7405;960
6813;19.7380;961
2057;19.7080;962
13492;19.7045;963
14179;19.6700;964
8026;19.6610;965
7101;19.6555;966
3351;19.6355;967
2310;19.6350;968
14157;19.6315;969
4105;19.5850;970
9206;19.5770;971
10043;19.5700;972
13970;19.5675;973
5436;19.5595;974
5222;19.5490;975
2838;19.5375;976
12220;19.5295;977
4560;19.4700;978
14688;19.4695;979
15858;19.4540;980
5614;19.4400;981
5367;19.4125;982
3281;19.3875;983
1402;19.3590;984
13660;19.3540;985
4095;19.3345;986
5544;19.3145;987
4590;19.3090;988
10148;19.3035;989
12854;19.3025;990
9930;19.2900;991
4473;19.2170;992
16128;19.1535;993
2302;19.1360;994
11358;19.1105;995
14753;19.0975;996
16793;19.0960;997
5585;19.0955;998
5890;19.0955;998
3554;19.0850;1000
5108;19.0530;1001
4077;19.0135;1002
15803;19.0130;1003
1683;18.9085;1004
9768;18.8370;1005
6097;18.7925;1006
4275;18.7835;1007
9394;18.7805;1008
16695;18.7745;1009
6780;18.7655;1010
2946;18.7155;1011
6837;18.7110;1012
1154;18.6830;1013
4078;18.6600;1014
3561;18.6410;1015
16145;18.6375;1016
9167;18.6295;1017
3322;18.6280;1018
14379;18.6240;1019
8253;18.6015;1020
12224;18.5745;1021
13707;18.5680;1022
5279;18.5665;1023
3712;18.5605;1024
4686;18.4930;1025
7018;18.4775;1026
2736;18.4750;1027
3056;18.4665;1028
11394;18.4600;1029
8052;18.4595;1030
11393;18.4550;1031
3377;18.4195;1032
8094;18.4065;1033
1427;18.3780;1034
8288;18.3265;1035
6370;18.3245;1036
1910;18.2980;1037
11813;18.2780;1038
9162;18.2760;1039
5356;18.2580;1040
2372;18.2325;1041
8899;18.2290;1042
4871;18.1625;1043
9385;18.1510;1044
11089;18.1325;1045
8301;18.1130;1046
2102;18.1020;1047
7830;18.0560;1048
14565;18.0490;1049
9195;18.0435;1050
11191;18.0215;1051
5490;18.0165;1052
4079;17.9945;1053
5081;17.9795;1054
1168;17.9600;1055
9702;17.9505;1056
9253;17.9425;1057
8565;17.9375;1058
13270;17.9230;1059
13899;17.9225;1060
10898;17.9140;1061
9210;17.8865;1062
16434;17.8760;1063
8929;17.8300;1064
6092;17.8140;1065
2311;17.8010;1066
5957;17.7970;1067
3464;17.7640;1068
4369;17.7480;1069
2350;17.7345;1070
12492;17.7225;1071
4434;17.6800;1072
7005;17.6785;1073
9794;17.6695;1074
7061;17.6670;1075
16146;17.6580;1076
8212;17.6425;1077
4920;17.6375;1078
11000;17.6325;1079
1516;17.6100;1080
3399;17.6095;1081
9433;17.6095;1081
17242;17.5765;1083
6717;17.5610;1084
8990;17.5480;1085
4569;17.4915;1086
4424;17.4635;1087
16699;17.4605;1088
9238;17.4525;1089
4519;17.4495;1090
15913;17.4435;1091
4014;17.3950;1092
7269;17.3900;1093
15044;17.3780;1094
3109;17.3530;1095
1590;17.3375;1096
11246;17.3165;1097
5845;17.3140;1098
9322;17.2945;1099
2472;17.2475;1100
14326;17.2255;1101
9763;17.1825;1102
2902;17.1465;1103
9501;17.0930;1104
1662;17.0570;1105
1787;17.0560;1106
5772;17.0530;1107
9393;17.0360;1108
4145;17.0250;1109
5004;17.0005;1110
7983;16.9945;1111
2720;16.9705;1112
6817;16.9670;1113
3274;16.9520;1114
7984;16.9410;1115
11293;16.9315;1116
1578;16.9290;1117
18032;16.9050;1118
1668;16.9000;1119
1493;16.8715;1120
6121;16.8590;1121
14965;16.8480;1122
14142;16.8280;1123
8825;16.8095;1124
1352;16.8080;1125
5134;16.7755;1126
5632;16.7630;1127
8859;16.7525;1128
16585;16.7500;1129
6041;16.7475;1130
16445;16.7315;1131
5229;16.7060;1132
1822;16.6955;1133
2213;16.6855;1134
7595;16.6825;1135
3002;16.6800;1136
6822;16.6515;1137
4748;16.6450;1138
1839;16.6425;1139
14166;16.6140;1140
13904;16.5965;1141
9333;16.5435;1142
7578;16.5040;1143
15358;16.4810;1144
5870;16.4780;1145
5797;16.4595;1146
10118;16.4490;1147
16065;16.4395;1148
12984;16.4335;1149
8043;16.4025;1150
2819;16.3955;1151
7613;16.3925;1152
1858;16.3235;1153
7536;16.3105;1154
2143;16.2570;1155
6577;16.2115;1156
9466;16.2060;1157
10237;16.1955;1158
2399;16.1790;1159
4101;16.1785;1160
14541;16.1305;1161
2365;16.1255;1162
7500;16.1090;1163
10127;16.1020;1164
11423;16.0925;1165
7063;16.0725;1166
5678;16.0635;1167
7065;16.0575;1168
18018;16.0425;1169
13989;16.0365;1170
4639;16.0360;1171
7312;16.0330;1172
18252;16.0300;1173
12269;16.0230;1174
1287;16.0110;1175
11942;16.0075;1176
2681;16.0015;1177
1369;15.9875;1178
5350;15.9870;1179
8188;15.9830;1180
10571;15.9700;1181
1908;15.9685;1182
1166;15.9675;1183
4546;15.9570;1184
14714;15.9315;1185
1104;15.9030;1186
4229;15.8835;1187
3789;15.8790;1188
4628;15.8615;1189
6995;15.8365;1190
9003;15.8260;1191
6929;15.8245;1192
11681;15.8125;1193
6093;15.8030;1194
2504;15.7920;1195
13420;15.7870;1196
15649;15.7835;1197
6148;15.7785;1198
9994;15.7630;1199
12777;15.7500;1200
7079;15.7445;1201
12173;15.7405;1202
1495;15.7395;1203
13767;15.7360;1204
5246;15.7260;1205
1636;15.6855;1206
1817;15.6255;1207
5466;15.6025;1208
15340;15.5680;1209
7690;15.5630;1210
7937;15.5575;1211
1788;15.5550;1212
4596;15.5345;1213
9734;15.5270;1214
5185;15.5205;1215
1274;15.5175;1216
7307;15.5175;1216
6766;15.5040;1218
5489;15.4765;1219
5045;15.4650;1220
9696;15.4625;1221
11573;15.4615;1222
6117;15.4520;1223
16473;15.4335;1224
4510;15.4330;1225
6042;15.4190;1226
9520;15.4145;1227
3387;15.4075;1228
2812;15.4005;1229
10616;15.3465;1230
2826;15.3450;1231
10488;15.3375;1232
12176;15.3230;1233
1299;15.3105;1234
6348;15.2890;1235
7704;15.2775;1236
7229;15.2670;1237
10709;15.2585;1238
11128;15.2435;1239
2722;15.2285;1240
6516;15.1990;1241
4469;15.1965;1242
12010;15.1795;1243
10930;15.1785;1244
12493;15.1610;1245
1410;15.1450;1246
1147;15.1250;1247
7712;15.0920;1248
14000;15.0920;1248
16879;15.0870;1250
8432;15.0795;1251
14454;15.0650;1252
16586;15.0525;1253
4150;15.0320;1254
4402;15.0230;1255
10045;14.9925;1256
6956;14.9900;1257
3788;14.9715;1258
5430;14.9670;1259
15143;14.9590;1260
6517;14.9480;1261
12445;14.9475;1262
5354;14.9300;1263
1635;14.8830;1264
6660;14.8565;1265
3498;14.8185;1266
6101;14.8175;1267
2346;14.8155;1268
1175;14.8035;1269
5277;14.8000;1270
9099;14.7930;1271
3620;14.7780;1272
8797;14.7545;1273
14043;14.7435;1274
1146;14.7400;1275
1632;14.7340;1276
5351;14.7255;1277
11828;14.7185;1278
3141;14.7005;1279
12075;14.6795;1280
4543;14.6695;1281
14514;14.6565;1282
3300;14.6500;1283
6186;14.6155;1284
6066;14.6090;1285
8318;14.6085;1286
14525;14.5750;1287
2367;14.5685;1288
10495;14.5655;1289
9995;14.5585;1290
14252;14.5005;1291
8519;14.4795;1292
1137;14.4745;1293
4305;14.4535;1294
5635;14.4480;1295
15217;14.4470;1296
7792;14.4270;1297
14883;14.4160;1298
7532;14.4000;1299
11180;14.3885;1300
5348;14.3850;1301
4015;14.3705;1302
14370;14.3210;1303
5016;14.3205;1304
2659;14.3110;1305
11371;14.3010;1306
16908;14.2860;1307
9192;14.2820;1308
2415;14.2810;1309
1677;14.2780;1310
9345;14.2635;1311
14186;14.2630;1312
10870;14.2405;1313
18812;14.2400;1314
7130;14.2335;1315
4060;14.2275;1316
2633;14.2205;1317
5973;14.1590;1318
7644;14.1525;1319
1429;14.1460;1320
4355;14.1390;1321
1916;14.1300;1322
9764;14.1225;1323
1825;14.1220;1324
4876;14.1190;1325
3616;14.1110;1326
7975;14.1070;1327
12435;14.0970;1328
5212;14.0820;1329
6903;14.0745;1330
4328;14.0655;1331
3131;14.0550;1332
8980;14.0490;1333
4783;14.0395;1334
7887;14.0370;1335
1664;14.0105;1336
17610;13.9930;1337
17030;13.9525;1338
12158;13.9310;1339
2522;13.9210;1340
7239;13.9105;1341
1835;13.8985;1342
1843;13.8770;1343
1069;13.8725;1344
4203;13.8705;1345
13387;13.8470;1346
12263;13.8395;1347
3663;13.8055;1348
4103;13.8000;1349
9407;13.7865;1350
16784;13.7685;1351
5929;13.7655;1352
1090;13.7600;1353
11637;13.7540;1354
6018;13.7425;1355
7614;13.7305;1356
10821;13.6895;1357
14584;13.6805;1358
5025;13.6770;1359
5144;13.6675;1360
9464;13.6640;1361
5318;13.6560;1362
2036;13.5950;1363
15931;13.5670;1364
1561;13.5650;1365
3374;13.5555;1366
9126;13.5425;1367
8133;13.5405;1368
7538;13.5160;1369
4392;13.4685;1370
13841;13.4425;1371
1260;13.4245;1372
1438;13.4165;1373
9194;13.3810;1374
5545;13.3730;1375
10823;13.3650;1376
4956;13.3640;1377
1902;13.3585;1378
17001;13.3550;1379
16439;13.3275;1380
2119;13.2900;1381
5968;13.2830;1382
4186;13.2770;1383
6336;13.2770;1383
11395;13.2695;1385
3034;13.2600;1386
10017;13.2600;1386
5939;13.2490;1388
1450;13.2390;1389
6343;13.2315;1390
16281;13.2285;1391
2236;13.2070;1392
6441;13.2050;1393
15582;13.1620;1394
3761;13.1505;1395
5097;13.1470;1396
15677;13.1450;1397
8056;13.1430;1398
18011;13.1420;1399
2775;13.1385;1400
3964;13.1385;1400
11232;13.1355;1402
6917;13.1220;1403
11801;13.1130;1404
13653;13.1115;1405
4793;13.1030;1406
10561;13.0885;1407
8087;13.0745;1408
15059;13.0410;1409
1474;13.0385;1410
14789;13.0240;1411
12046;13.0210;1412
5582;13.0080;1413
12253;12.9975;1414
13886;12.9880;1415
7117;12.9745;1416
6846;12.9735;1417
12007;12.9650;1418
2572;12.9575;1419
4885;12.9350;1420
6151;12.9335;1421
13520;12.9315;1422
4207;12.9155;1423
9228;12.8825;1424
10012;12.8780;1425
2741;12.8755;1426
5967;12.8630;1427
2037;12.8620;1428
5680;12.8565;1429
10507;12.8550;1430
2545;12.8350;1431
14983;12.8345;1432
4491;12.8175;1433
7140;12.8170;1434
8426;12.7985;1435
16147;12.7915;1436
6358;12.7815;1437
14060;12.7650;1438
9924;12.7645;1439
11974;12.7465;1440
6357;12.7450;1441
14361;12.7325;1442
10503;12.7170;1443
11400;12.7025;1444
4591;12.7015;1445
2918;12.7010;1446
6144;12.6775;1447
4125;12.6640;1448
10247;12.6630;1449
11766;12.6495;1450
7561;12.6330;1451
16776;12.6140;1452
5286;12.6100;1453
5405;12.6080;1454
9868;12.5960;1455
4287;12.5600;1456
1967;12.5560;1457
6638;12.5545;1458
9391;12.5345;1459
2443;12.5295;1460
5497;12.5295;1460
6776;12.5225;1462
1693;12.5205;1463
1868;12.5070;1464
1852;12.5020;1465
6115;12.4995;1466
3936;12.4925;1467
2872;12.4850;1468
6363;12.4765;1469
7437;12.4750;1470
9736;12.4650;1471
10996;12.4585;1472
11161;12.4435;1473
6175;12.4410;1474
12985;12.4265;1475
4511;12.4185;1476
1806;12.3810;1477
4195;12.3710;1478
1604;12.3630;1479
1879;12.3285;1480
11787;12.3150;1481
11356;12.3080;1482
6612;12.2800;1483
6074;12.2635;1484
12884;12.2635;1484
16526;12.2535;1486
5651;12.2390;1487
7976;12.2390;1487
1670;12.2325;1489
1484;12.2320;1490
5049;12.2255;1491
10104;12.1815;1492
1007;12.1480;1493
1222;12.1445;1494
5058;12.1420;1495
6331;12.1205;1496
2695;12.1135;1497
10581;12.1055;1498
4425;12.1050;1499
1753;12.1005;1500
4703;12.1005;1500
11403;12.0955;1502
3270;12.0940;1503
5409;11.9940;1504
1824;11.9865;1505
9818;11.9850;1506
17479;11.9730;1507
17539;11.9650;1508
13385;11.9285;1509
2275;11.9185;1510
7902;11.9140;1511
17113;11.9060;1512
5572;11.9045;1513
15239;11.8915;1514
8671;11.8875;1515
8388;11.8855;1516
2071;11.8745;1517
10730;11.8735;1518
1679;11.8610;1519
2566;11.8610;1519
3065;11.8600;1521
2810;11.8525;1522
17301;11.8395;1523
5112;11.8165;1524
5804;11.8060;1525
3841;11.7940;1526
7621;11.7925;1527
8343;11.7590;1528
6030;11.7515;1529
9277;11.7500;1530
4461;11.7275;1531
3708;11.7070;1532
5340;11.6910;1533
2853;11.6730;1534
1183;11.6640;1535
16903;11.6640;1535
6900;11.6610;1537
8785;11.6600;1538
5932;11.6470;1539
11519;11.6470;1539
16804;11.6460;1541
3449;11.6445;1542
13018;11.6430;1543
6086;11.6380;1544
5878;11.6355;1545
13474;11.6265;1546
5321;11.6240;1547
9283;11.6050;1548
5802;11.5990;1549
12314;11.5945;1550
10348;11.5780;1551
5713;11.5735;1552
4562;11.5675;1553
16177;11.5670;1554
6747;11.5440;1555
16707;11.5390;1556
15694;11.5325;1557
12455;11.5245;1558
3356;11.5180;1559
11789;11.5045;1560
12490;11.5015;1561
7158;11.4740;1562
13903;11.4680;1563
7313;11.4635;1564
1051;11.4585;1565
6125;11.4485;1566
12620;11.4405;1567
5210;11.4240;1568
2307;11.4235;1569
9025;11.4185;1570
10674;11.4180;1571
7473;11.4125;1572
12698;11.4080;1573
5751;11.4010;1574
10578;11.3935;1575
12317;11.3765;1576
7968;11.3395;1577
16845;11.3325;1578
11551;11.3315;1579
2753;11.3075;1580
9009;11.2820;1581
16694;11.2750;1582
4609;11.2745;1583
11206;11.2735;1584
9468;11.2685;1585
10041;11.2445;1586
4737;11.2395;1587
4306;11.2200;1588
8164;11.2025;1589
4701;11.1840;1590
16296;11.1805;1591
15644;11.1800;1592
1907;11.1715;1593
16537;11.1685;1594
1527;11.1650;1595
12452;11.1535;1596
10212;11.1435;1597
4497;11.1350;1598
2333;11.1230;1599
15414;11.1190;1600
5785;11.1040;1601
11521;11.1025;1602
5152;11.0990;1603
1686;11.0925;1604
6313;11.0805;1605
3448;11.0750;1606
6881;11.0520;1607
6713;11.0365;1608
5681;11.0245;1609
3188;11.0190;1610
10928;11.0090;1611
16675;11.0080;1612
14465;11.0045;1613
4605;10.9995;1614
9951;10.9920;1615
8428;10.9910;1616
13842;10.9775;1617
7965;10.9670;1618
3948;10.9460;1619
7605;10.9440;1620
6940;10.9390;1621
16272;10.9350;1622
12235;10.9345;1623
1923;10.9195;1624
15508;10.8845;1625
14971;10.8790;1626
1380;10.8625;1627
12923;10.8465;1628
11478;10.8310;1629
17983;10.8305;1630
3256;10.8155;1631
2559;10.8100;1632
16372;10.7975;1633
16367;10.7900;1634
9785;10.7845;1635
12327;10.7830;1636
6872;10.7735;1637
16450;10.7710;1638
17545;10.7650;1639
1068;10.7565;1640
10869;10.7555;1641
2570;10.7525;1642
13591;10.7510;1643
5700;10.7240;1644
1803;10.7235;1645
2261;10.7125;1646
1901;10.7090;1647
4296;10.7035;1648
12624;10.6880;1649
10401;10.6635;1650
4944;10.6545;1651
11770;10.6465;1652
6139;10.6375;1653
7752;10.6275;1654
8177;10.6220;1655
14529;10.6200;1656
1480;10.6075;1657
8359;10.5850;1658
16461;10.5725;1659
5074;10.5700;1660
8854;10.5495;1661
1792;10.5470;1662
16989;10.5455;1663
17513;10.5375;1664
8247;10.5295;1665
13616;10.5265;1666
3801;10.5145;1667
18378;10.5000;1668
5203;10.4975;1669
4961;10.4950;1670
1655;10.4800;1671
1058;10.4740;1672
4515;10.4695;1673
4545;10.4550;1674
3405;10.4505;1675
14710;10.4480;1676
4627;10.4455;1677
1205;10.4345;1678
7901;10.4330;1679
14534;10.4220;1680
1598;10.4215;1681
1093;10.4200;1682
4364;10.4040;1683
12996;10.3990;1684
16440;10.3930;1685
2115;10.3835;1686
16778;10.3835;1686
6735;10.3810;1688
16229;10.3765;1689
1024;10.3465;1690
7126;10.3300;1691
12779;10.3245;1692
16807;10.3085;1693
6387;10.3070;1694
9301;10.3040;1695
5088;10.3005;1696
2047;10.3000;1697
9703;10.2950;1698
9142;10.2805;1699
4400;10.2800;1700
2502;10.2525;1701
7992;10.2525;1701
4878;10.2365;1703
7981;10.2340;1704
16000;10.2235;1705
10713;10.2140;1706
2179;10.2085;1707
3829;10.2080;1708
15744;10.2050;1709
5889;10.2015;1710
16213;10.1995;1711
17889;10.1975;1712
1053;10.1925;1713
6385;10.1830;1714
6567;10.1420;1715
15822;10.1285;1716
1995;10.1140;1717
8638;10.0675;1718
3818;10.0625;1719
4061;10.0610;1720
14694;10.0495;1721
12660;10.0490;1722
1006;10.0465;1723
8128;10.0360;1724
6445;10.0305;1725
1384;10.0205;1726
1082;10.0105;1727
9004;10.0105;1727
11936;10.0095;1729
7991;10.0010;1730
13920;9.9905;1731
4332;9.9850;1732
5863;9.9835;1733
9741;9.9820;1734
7667;9.9795;1735
2931;9.9775;1736
13138;9.9755;1737
1844;9.9750;1738
14444;9.9745;1739
4104;9.9575;1740
9620;9.9560;1741
12920;9.9530;1742
1603;9.9375;1743
9592;9.9350;1744
1207;9.9285;1745
7068;9.9220;1746
2940;9.9155;1747
1563;9.9150;1748
5181;9.9140;1749
14609;9.9075;1750
11320;9.8980;1751
2390;9.8970;1752
5525;9.8925;1753
11444;9.8875;1754
16622;9.8800;1755
9631;9.8740;1756
8104;9.8735;1757
15481;9.8500;1758
15235;9.8445;1759
8716;9.8400;1760
9341;9.8355;1761
17411;9.8320;1762
16888;9.8250;1763
4710;9.8230;1764
3388;9.8220;1765
9096;9.8165;1766
2601;9.8045;1767
17728;9.7825;1768
15263;9.7770;1769
15620;9.7685;1770
9542;9.7600;1771
14284;9.7480;1772
1354;9.7450;1773
7486;9.7410;1774
15346;9.7280;1775
2055;9.7190;1776
6645;9.7025;1777
1444;9.6900;1778
2462;9.6845;1779
9326;9.6765;1780
3635;9.6730;1781
15231;9.6595;1782
13753;9.6590;1783
13181;9.6515;1784
12354;9.6370;1785
1889;9.6150;1786
3927;9.6110;1787
5421;9.6100;1788
3444;9.6055;1789
6157;9.5910;1790
5560;9.5825;1791
17508;9.5805;1792
7928;9.5800;1793
3843;9.5775;1794
7501;9.5685;1795
5021;9.5620;1796
13249;9.5610;1797
7494;9.5470;1798
6697;9.5355;1799
13022;9.5325;1800
17169;9.5285;1801
5793;9.5250;1802
5648;9.5170;1803
6447;9.5115;1804
9338;9.5035;1805
10799;9.4905;1806
4179;9.4820;1807
3982;9.4810;1808
11572;9.4750;1809
5280;9.4725;1810
16220;9.4625;1811
3001;9.4420;1812
1361;9.4195;1813
5500;9.3955;1814
2731;9.3920;1815
5501;9.3805;1816
10314;9.3730;1817
6028;9.3690;1818
6591;9.3635;1819
16743;9.3635;1819
6368;9.3625;1821
10191;9.3510;1822
8532;9.3265;1823
14112;9.3230;1824
2426;9.3055;1825
1597;9.3000;1826
8841;9.2915;1827
10094;9.2900;1828
7917;9.2875;1829
12090;9.2855;1830
17899;9.2850;1831
10984;9.2815;1832
12473;9.2775;1833
7155;9.2750;1834
15040;9.2705;1835
9122;9.2680;1836
15823;9.2630;1837
3330;9.2600;1838
10088;9.2570;1839
8408;9.2450;1840
9008;9.2325;1841
9201;9.2250;1842
8415;9.2200;1843
15345;9.2065;1844
1982;9.1985;1845
7327;9.1980;1846
5211;9.1825;1847
7232;9.1780;1848
12002;9.1750;1849
5235;9.1730;1850
6322;9.1710;1851
3370;9.1570;1852
9020;9.1555;1853
5953;9.1545;1854
4341;9.1540;1855
7628;9.1535;1856
15513;9.1490;1857
7152;9.1470;1858
13715;9.1345;1859
6856;9.1310;1860
3143;9.1295;1861
6675;9.1290;1862
1779;9.1090;1863
6559;9.1005;1864
6546;9.0975;1865
13463;9.0960;1866
4659;9.0870;1867
1848;9.0860;1868
5712;9.0700;1869
5422;9.0655;1870
2214;9.0630;1871
11726;9.0595;1872
2278;9.0580;1873
9961;9.0580;1873
5880;9.0450;1875
6120;9.0420;1876
2896;9.0390;1877
15395;9.0310;1878
4344;9.0185;1879
8741;9.0165;1880
16221;9.0125;1881
11494;9.0055;1882
7490;9.0000;1883
2873;8.9980;1884
14679;8.9970;1885
13379;8.9965;1886
1149;8.9950;1887
5906;8.9930;1888
12328;8.9805;1889
6599;8.9770;1890
16373;8.9715;1891
16886;8.9645;1892
4352;8.9625;1893
6105;8.9625;1893
17207;8.9625;1893
10497;8.9615;1896
15975;8.9570;1897
4097;8.9525;1898
6634;8.9390;1899
2034;8.9380;1900
1554;8.9370;1901
5990;8.9350;1902
7810;8.9250;1903
8122;8.9185;1904
9094;8.9175;1905
10890;8.9125;1906
1041;8.9045;1907
17023;8.9025;1908
7014;8.8835;1909
10591;8.8830;1910
15632;8.8820;1911
15906;8.8430;1912
16446;8.8375;1913
2447;8.8310;1914
17112;8.8275;1915
2211;8.8200;1916
4890;8.8200;1916
15380;8.8015;1918
1467;8.7985;1919
6136;8.7945;1920
3682;8.7820;1921
1478;8.7795;1922
3904;8.7725;1923
15655;8.7690;1924
6003;8.7675;1925
3861;8.7535;1926
11155;8.7525;1927
15084;8.7495;1928
9367;8.7475;1929
17969;8.7375;1930
15313;8.7305;1931
14960;8.7200;1932
7656;8.7080;1933
2259;8.7040;1934
2787;8.7040;1934
10862;8.7025;1936
578;8.7000;1937
7871;8.6975;1938
1200;8.6855;1939
3472;8.6805;1940
1595;8.6800;1941
17363;8.6770;1942
5064;8.6735;1943
8819;8.6715;1944
10886;8.6700;1945
1022;8.6600;1946
15974;8.6560;1947
9492;8.6535;1948
2491;8.6480;1949
15055;8.6445;1950
2909;8.6380;1951
2913;8.6355;1952
9332;8.6335;1953
1592;8.6330;1954
2619;8.6300;1955
14862;8.6295;1956
16616;8.6255;1957
7087;8.6185;1958
1608;8.6165;1959
2699;8.6125;1960
5841;8.6075;1961
11401;8.6055;1962
11940;8.6030;1963
18347;8.6000;1964
17737;8.5960;1965
8109;8.5945;1966
2387;8.5920;1967
5674;8.5880;1968
12958;8.5850;1969
5338;8.5700;1970
8054;8.5595;1971
5376;8.5575;1972
15107;8.5550;1973
4277;8.5450;1974
5881;8.5445;1975
2764;8.5330;1976
10819;8.5275;1977
2470;8.5250;1978
13940;8.5230;1979
1173;8.5220;1980
2348;8.5020;1981
4271;8.5020;1981
2705;8.4975;1983
2512;8.4960;1984
4290;8.4950;1985
1938;8.4935;1986
17451;8.4930;1987
16795;8.4905;1988
15294;8.4880;1989
3304;8.4865;1990
8228;8.4825;1991
12573;8.4805;1992
10555;8.4775;1993
4994;8.4675;1994
9932;8.4675;1994
1532;8.4575;1996
14554;8.4455;1997
16230;8.4330;1998
2557;8.4320;1999
1906;8.4300;2000
---
